time_s,displacement_m,velocity_mps,filteredVelocity_mps,commandVoltage_V,effectiveVoltage_V,totalForce_N,forceHysteresis_N,forceViscous_N,forceAccumulator_N,forceDashpot1_N,hystereticState_z_m,internalState_y_m
0.0,0.0,0.141372,0.016694,1.0,0.0373,34.24,1.52,32.72,0.0,34.24,9.18e-05,1e-07
0.005,0.000707,0.141215,0.135892,1.0,0.6277,445.28,162.87,278.99,0.35,444.92,0.0028265,5.53e-05
0.01,0.001412,0.140744,0.140669,1.0,0.856,509.21,207.73,294.81,0.71,508.5,0.0028265,0.00014
0.015,0.002114,0.139961,0.140202,1.0,0.9443,530.68,225.07,295.72,1.06,529.62,0.0028265,0.0002312
0.02,0.002811,0.138867,0.13921,1.0,0.9785,538.94,231.78,294.09,1.41,537.53,0.0028265,0.0003247
0.025,0.003502,0.137465,0.137901,1.0,0.9917,541.82,234.37,291.23,1.75,540.07,0.0028265,0.0004189
0.03,0.004185,0.135758,0.136284,1.0,0.9968,542.18,235.38,287.49,2.09,540.09,0.0028265,0.0005134
0.035,0.004859,0.133749,0.134365,1.0,0.9988,541.12,235.77,282.99,2.43,538.69,0.0028265,0.0006078
0.04,0.005522,0.131443,0.132148,1.0,0.9995,539.08,235.92,277.79,2.76,536.32,0.0028265,0.0007018
0.045,0.006173,0.128845,0.129637,1.0,0.9998,536.21,235.97,271.92,3.09,533.12,0.0028265,0.0007953
0.05,0.00681,0.125961,0.126838,1.0,0.9999,532.59,236.0,265.41,3.41,529.18,0.0028265,0.0008882
0.055,0.007432,0.122797,0.123757,1.0,1.0,528.24,236.01,258.26,3.72,524.53,0.0028265,0.0009803
0.06,0.008038,0.119361,0.120402,1.0,1.0,523.2,236.01,250.5,4.02,519.18,0.0028265,0.0010716
0.065,0.008626,0.11566,0.11678,1.0,1.0,517.47,236.01,242.14,4.31,513.16,0.0028265,0.0011619
0.07,0.009194,0.111702,0.112898,1.0,1.0,511.07,236.01,233.21,4.6,506.47,0.0028265,0.001251
0.07501,0.009742,0.107496,0.108765,1.0,1.0,504.0,236.01,223.71,4.87,499.13,0.0028265,0.001339
0.08001,0.010269,0.103051,0.104391,1.0,1.0,496.3,236.01,213.68,5.13,491.16,0.0028265,0.0014256
0.08501,0.010772,0.098377,0.099785,1.0,1.0,487.96,236.01,203.13,5.39,482.58,0.0028265,0.0015107
0.09001,0.011252,0.093485,0.094958,1.0,1.0,479.02,236.01,192.09,5.63,473.39,0.0028265,0.0015943
0.09501,0.011707,0.088385,0.089919,1.0,1.0,469.49,236.01,180.58,5.85,463.63,0.0028265,0.0016762
0.10001,0.012136,0.083089,0.084681,1.0,1.0,459.39,236.01,168.63,6.07,453.32,0.0028265,0.0017564
0.10501,0.012538,0.077608,0.079255,1.0,1.0,448.74,236.01,156.26,6.27,442.47,0.0028265,0.0018348
0.11001,0.012912,0.071956,0.073653,1.0,1.0,437.57,236.01,143.51,6.46,431.12,0.0028265,0.0019111
0.11501,0.013257,0.066143,0.067888,1.0,1.0,425.9,236.01,130.4,6.63,419.28,0.0028265,0.0019855
0.12001,0.013573,0.060183,0.061971,1.0,1.0,413.76,236.01,116.96,6.79,406.98,0.0028265,0.0020577
0.12501,0.013859,0.05409,0.055917,1.0,1.0,401.18,236.01,103.22,6.93,394.25,0.0028265,0.0021278
0.13001,0.014114,0.047877,0.049739,1.0,1.0,388.17,236.01,89.21,7.06,381.11,0.0028265,0.0021956
0.13501,0.014337,0.041558,0.043451,1.0,1.0,374.77,236.01,74.96,7.17,367.61,0.0028265,0.0022611
0.14001,0.014529,0.035146,0.037066,1.0,1.0,361.02,236.01,60.5,7.26,353.75,0.0028265,0.0023241
0.14501,0.014689,0.028656,0.030598,1.0,1.0,346.93,236.01,45.87,7.34,339.59,0.0028265,0.0023848
0.15001,0.014816,0.022102,0.024063,1.0,1.0,332.54,236.01,31.1,7.41,325.14,0.0028265,0.0024429
0.15501,0.01491,0.0155,0.017474,1.0,1.0,317.89,236.01,16.21,7.45,310.43,0.0028265,0.0024985
0.16001,0.01497,0.008863,0.010847,1.0,1.0,303.0,236.01,1.26,7.49,295.51,0.0028265,0.0025514
0.16501,0.014998,0.002206,0.004195,1.0,1.0,242.08,186.25,-9.82,7.5,234.58,0.0022305,0.0025992
0.17001,0.014993,-0.004456,-0.002466,1.0,1.0,111.2,60.64,-14.93,7.5,103.7,0.0007263,0.0026294
0.17501,0.014954,-0.011107,-0.009121,1.0,1.0,-47.29,-94.89,-17.65,7.48,-54.77,-0.0011364,0.0026337
0.18001,0.014882,-0.017734,-0.015757,1.0,1.0,-161.23,-202.05,-24.15,7.44,-168.67,-0.0024198,0.0026131
0.18501,0.014776,-0.024322,-0.022357,1.0,1.0,-205.05,-233.07,-36.57,7.39,-212.44,-0.0027912,0.002579
0.19001,0.014638,-0.030856,-0.028907,1.0,1.0,-222.97,-235.94,-51.09,7.32,-230.29,-0.0028256,0.0025402
0.19501,0.014468,-0.037321,-0.035394,1.0,1.0,-238.32,-236.01,-65.68,7.23,-245.55,-0.0028265,0.0024986
0.20001,0.014265,-0.043703,-0.041802,1.0,1.0,-253.56,-236.01,-80.08,7.13,-260.7,-0.0028265,0.0024543
0.20501,0.014031,-0.049988,-0.048117,1.0,1.0,-268.74,-236.01,-94.26,7.02,-275.76,-0.0028265,0.0024074
0.21001,0.013766,-0.056163,-0.054325,1.0,1.0,-283.81,-236.01,-108.19,6.88,-290.7,-0.0028265,0.0023579
0.21501,0.01347,-0.062212,-0.060412,1.0,1.0,-298.75,-236.01,-121.84,6.73,-305.49,-0.0028265,0.0023058
0.22001,0.013144,-0.068123,-0.066365,1.0,1.0,-313.52,-236.01,-135.17,6.57,-320.09,-0.0028265,0.0022511
0.22502,0.012788,-0.073884,-0.072171,1.0,1.0,-328.09,-236.01,-148.16,6.39,-334.48,-0.0028265,0.0021938
0.23002,0.012405,-0.07948,-0.077817,1.0,1.0,-342.42,-236.01,-160.78,6.2,-348.62,-0.0028265,0.0021341
0.23502,0.011994,-0.084899,-0.08329,1.0,1.0,-356.48,-236.01,-173.0,6.0,-362.48,-0.0028265,0.0020719
0.24002,0.011556,-0.09013,-0.088578,1.0,1.0,-370.25,-236.01,-184.8,5.78,-376.03,-0.0028265,0.0020073
0.24502,0.011093,-0.095161,-0.093669,1.0,1.0,-383.68,-236.01,-196.14,5.55,-389.23,-0.0028265,0.0019404
0.25002,0.010605,-0.099981,-0.098553,1.0,1.0,-396.75,-236.01,-207.01,5.3,-402.06,-0.0028265,0.0018712
0.25502,0.010093,-0.104578,-0.103217,1.0,1.0,-409.44,-236.01,-217.37,5.05,-414.48,-0.0028265,0.0017998
0.26002,0.009559,-0.108943,-0.107652,1.0,1.0,-421.7,-236.01,-227.21,4.78,-426.48,-0.0028265,0.0017263
0.26502,0.009004,-0.113067,-0.111849,1.0,1.0,-433.52,-236.01,-236.5,4.5,-438.02,-0.0028265,0.0016507
0.27002,0.008429,-0.116939,-0.115796,1.0,1.0,-444.87,-236.01,-245.22,4.21,-449.08,-0.0028265,0.0015731
0.27502,0.007835,-0.120552,-0.119487,1.0,1.0,-455.71,-236.01,-253.36,3.92,-459.63,-0.0028265,0.0014936
0.28002,0.007224,-0.123897,-0.122912,1.0,1.0,-466.04,-236.01,-260.9,3.61,-469.65,-0.0028265,0.0014124
0.28502,0.006597,-0.126967,-0.126065,1.0,1.0,-475.82,-236.01,-267.81,3.3,-479.12,-0.0028265,0.0013294
0.29002,0.005955,-0.129755,-0.128937,1.0,1.0,-485.03,-236.01,-274.08,2.98,-488.01,-0.0028265,0.0012448
0.29502,0.0053,-0.132255,-0.131524,1.0,1.0,-493.65,-236.01,-279.71,2.65,-496.3,-0.0028265,0.0011588
0.30002,0.004633,-0.134461,-0.133818,1.0,1.0,-501.66,-236.01,-284.67,2.32,-503.98,-0.0028265,0.0010713
0.30502,0.003955,-0.136368,-0.135815,1.0,1.0,-509.05,-236.01,-288.96,1.98,-511.03,-0.0028265,0.0009825
0.31002,0.003269,-0.137973,-0.13751,1.0,1.0,-515.8,-236.01,-292.57,1.63,-517.43,-0.0028265,0.0008926
0.31502,0.002576,-0.139271,-0.1389,1.0,1.0,-521.88,-236.01,-295.48,1.29,-523.17,-0.0028265,0.0008016
0.32002,0.001877,-0.14026,-0.139982,1.0,1.0,-527.29,-236.01,-297.7,0.94,-528.23,-0.0028265,0.0007096
0.32502,0.001174,-0.140938,-0.140753,1.0,1.0,-532.02,-236.01,-299.21,0.59,-532.61,-0.0028265,0.0006169
0.33002,0.000468,-0.141303,-0.141211,1.0,1.0,-536.05,-236.01,-300.02,0.23,-536.29,-0.0028265,0.0005234
0.33502,-0.000239,-0.141354,-0.141356,1.0,1.0,-539.38,-236.01,-300.12,-0.12,-539.26,-0.0028265,0.0004294
0.34002,-0.000945,-0.141091,-0.141186,1.0,1.0,-542.0,-236.01,-299.51,-0.47,-541.52,-0.0028265,0.0003348
0.34502,-0.001649,-0.140515,-0.140704,1.0,1.0,-543.89,-236.01,-298.19,-0.82,-543.07,-0.0028265,0.00024
0.35002,-0.00235,-0.139626,-0.139908,1.0,1.0,-545.06,-236.01,-296.18,-1.17,-543.89,-0.0028265,0.0001449
0.35502,-0.003045,-0.138428,-0.138803,1.0,1.0,-545.51,-236.01,-293.46,-1.52,-543.98,-0.0028265,4.98e-05
0.36002,-0.003734,-0.136922,-0.137389,1.0,1.0,-545.22,-236.01,-290.05,-1.87,-543.36,-0.0028265,-4.53e-05
0.36502,-0.004414,-0.135113,-0.135669,1.0,1.0,-544.21,-236.01,-285.95,-2.21,-542.01,-0.0028265,-0.0001402
0.37002,-0.005084,-0.133003,-0.133649,1.0,1.0,-542.48,-236.01,-281.18,-2.54,-539.93,-0.0028265,-0.0002348
0.37503,-0.005744,-0.130598,-0.131332,1.0,1.0,-540.02,-236.01,-275.74,-2.87,-537.15,-0.0028265,-0.000329
0.38003,-0.00639,-0.127903,-0.128723,1.0,1.0,-536.84,-236.01,-269.65,-3.19,-533.65,-0.0028265,-0.0004226
0.38503,-0.007022,-0.124923,-0.125829,1.0,1.0,-532.96,-236.01,-262.92,-3.51,-529.44,-0.0028265,-0.0005156
0.39003,-0.007639,-0.121667,-0.122654,1.0,1.0,-528.37,-236.01,-255.56,-3.82,-524.55,-0.0028265,-0.0006077
0.39503,-0.008238,-0.11814,-0.119208,1.0,1.0,-523.09,-236.01,-247.6,-4.12,-518.97,-0.0028265,-0.000699
0.40003,-0.00882,-0.114351,-0.115497,1.0,1.0,-517.12,-236.01,-239.04,-4.41,-512.71,-0.0028265,-0.0007892
0.40503,-0.009382,-0.110308,-0.111529,1.0,1.0,-510.49,-236.01,-229.91,-4.69,-505.8,-0.0028265,-0.0008783
0.41003,-0.009923,-0.10602,-0.107314,1.0,1.0,-503.21,-236.01,-220.23,-4.96,-498.25,-0.0028265,-0.0009661
0.41503,-0.010442,-0.101497,-0.102861,1.0,1.0,-495.29,-236.01,-210.02,-5.22,-490.07,-0.0028265,-0.0010525
0.42003,-0.010937,-0.096748,-0.098179,1.0,1.0,-486.74,-236.01,-199.3,-5.47,-481.27,-0.0028265,-0.0011374
0.42503,-0.011409,-0.091785,-0.093279,1.0,1.0,-477.6,-236.01,-188.1,-5.7,-471.89,-0.0028265,-0.0012208
0.43003,-0.011855,-0.086618,-0.088172,1.0,1.0,-467.87,-236.01,-176.44,-5.93,-461.94,-0.0028265,-0.0013024
0.43503,-0.012275,-0.081258,-0.082869,1.0,1.0,-457.58,-236.01,-164.35,-6.14,-451.45,-0.0028265,-0.0013823
0.44003,-0.012667,-0.075718,-0.077382,1.0,1.0,-446.76,-236.01,-151.85,-6.33,-440.42,-0.0028265,-0.0014603
0.44503,-0.013032,-0.070009,-0.071723,1.0,1.0,-435.41,-236.01,-138.97,-6.52,-428.9,-0.0028265,-0.0015363
0.45003,-0.013367,-0.064146,-0.065905,1.0,1.0,-423.58,-236.01,-125.75,-6.68,-416.9,-0.0028265,-0.0016103
0.45503,-0.013673,-0.05814,-0.059941,1.0,1.0,-411.29,-236.01,-112.2,-6.84,-404.45,-0.0028265,-0.0016821
0.46003,-0.013948,-0.052004,-0.053844,1.0,1.0,-398.55,-236.01,-98.37,-6.97,-391.58,-0.0028265,-0.0017517
0.46503,-0.014193,-0.045754,-0.047627,1.0,1.0,-385.41,-236.01,-84.27,-7.1,-378.32,-0.0028265,-0.001819
0.47003,-0.014406,-0.039401,-0.041304,1.0,1.0,-371.89,-236.01,-69.95,-7.2,-364.69,-0.0028265,-0.001884
0.47503,-0.014587,-0.032962,-0.03489,1.0,1.0,-358.02,-236.01,-55.43,-7.29,-350.72,-0.0028265,-0.0019465
0.48003,-0.014735,-0.026449,-0.028398,1.0,1.0,-343.82,-236.01,-40.75,-7.37,-336.45,-0.0028265,-0.0020066
0.48503,-0.014851,-0.019877,-0.021843,1.0,1.0,-329.34,-236.01,-25.93,-7.43,-321.91,-0.0028265,-0.0020642
0.49003,-0.014934,-0.013261,-0.015239,1.0,1.0,-314.6,-236.01,-11.02,-7.47,-307.13,-0.0028265,-0.0021192
0.49503,-0.014984,-0.006616,-0.008602,1.0,1.0,-295.18,-231.18,3.57,-7.49,-287.69,-0.0027686,-0.0021715
0.50003,-0.015,4.4e-05,-0.001945,1.0,1.0,-203.88,-148.47,12.06,-7.5,-196.38,-0.0017781,-0.0022149
0.50503,-0.014983,0.006704,0.004715,1.0,1.0,-58.83,-7.51,15.95,-7.49,-51.34,-8.99e-05,-0.0022371
0.51003,-0.014933,0.013349,0.011366,1.0,1.0,93.78,141.64,19.17,-7.47,101.25,0.0016963,-0.0022322
0.51503,-0.01485,0.019965,0.017991,1.0,1.0,180.69,219.45,27.96,-7.42,188.11,0.0026281,-0.0022058
0.52003,-0.014733,0.026536,0.024576,1.0,1.0,210.33,235.06,41.56,-7.37,217.7,0.0028151,-0.0021698
0.52504,-0.014584,0.033048,0.031106,1.0,1.0,226.47,236.0,56.18,-7.29,233.77,0.0028263,-0.0021303
0.53004,-0.014403,0.039487,0.037568,1.0,1.0,241.76,236.01,70.71,-7.2,248.96,0.0028265,-0.0020881
0.53504,-0.01419,0.045838,0.043946,1.0,1.0,256.99,236.01,85.04,-7.09,264.08,0.0028265,-0.0020433
0.54004,-0.013945,0.052087,0.050226,1.0,1.0,272.14,236.01,99.14,-6.97,279.11,0.0028265,-0.0019958
0.54504,-0.013669,0.058221,0.056395,1.0,1.0,287.17,236.01,112.98,-6.83,294.01,0.0028265,-0.0019456
0.55004,-0.013363,0.064225,0.062439,1.0,1.0,302.06,236.01,126.52,-6.68,308.74,0.0028265,-0.0018929
0.55504,-0.013027,0.070087,0.068344,1.0,1.0,316.76,236.01,139.74,-6.51,323.28,0.0028265,-0.0018377
0.56004,-0.012662,0.075793,0.074097,1.0,1.0,331.26,236.01,152.61,-6.33,337.59,0.0028265,-0.0017799
0.56504,-0.012269,0.081331,0.079686,1.0,1.0,345.5,236.01,165.1,-6.13,351.64,0.0028265,-0.0017196
0.57004,-0.011849,0.086688,0.085098,1.0,1.0,359.47,236.01,177.18,-5.92,365.39,0.0028265,-0.0016569
0.57504,-0.011403,0.091852,0.09032,1.0,1.0,373.12,236.01,188.83,-5.7,378.83,0.0028265,-0.0015918
0.58004,-0.010931,0.096813,0.095343,1.0,1.0,386.44,236.01,200.01,-5.47,391.91,0.0028265,-0.0015244
0.58504,-0.010435,0.101559,0.100153,1.0,1.0,399.39,236.01,210.71,-5.22,404.6,0.0028265,-0.0014548
0.59004,-0.009916,0.106079,0.104741,1.0,1.0,411.93,236.01,220.9,-4.96,416.89,0.0028265,-0.001383
0.59504,-0.009374,0.110364,0.109097,1.0,1.0,424.05,236.01,230.55,-4.69,428.74,0.0028265,-0.001309
0.60004,-0.008812,0.114403,0.11321,1.0,1.0,435.71,236.01,239.66,-4.41,440.12,0.0028265,-0.001233
0.60504,-0.008231,0.118189,0.117072,1.0,1.0,446.9,236.01,248.18,-4.12,451.01,0.0028265,-0.0011551
0.61004,-0.007631,0.121712,0.120674,1.0,1.0,457.57,236.01,256.12,-3.82,461.39,0.0028265,-0.0010753
0.61504,-0.007014,0.124965,0.124008,1.0,1.0,467.72,236.01,263.45,-3.51,471.22,0.0028265,-0.0009938
0.62004,-0.006381,0.12794,0.127067,1.0,1.0,477.31,236.01,270.14,-3.19,480.5,0.0028265,-0.0009105
0.62504,-0.005735,0.130632,0.129843,1.0,1.0,486.32,236.01,276.2,-2.87,489.19,0.0028265,-0.0008257
0.63004,-0.005075,0.133033,0.132331,1.0,1.0,494.74,236.01,281.61,-2.54,497.28,0.0028265,-0.0007395
0.63504,-0.004405,0.135139,0.134526,1.0,1.0,502.55,236.01,286.34,-2.2,504.75,0.0028265,-0.0006519
0.64004,-0.003725,0.136944,0.136421,1.0,1.0,509.72,236.01,290.4,-1.86,511.58,0.0028265,-0.000563
0.64504,-0.003036,0.138446,0.138014,1.0,1.0,516.25,236.01,293.77,-1.52,517.76,0.0028265,-0.000473
0.65004,-0.00234,0.13964,0.1393,1.0,1.0,522.11,236.01,296.45,-1.17,523.28,0.0028265,-0.0003819
0.65504,-0.00164,0.140524,0.140277,1.0,1.0,527.29,236.01,298.43,-0.82,528.11,0.0028265,-0.00029
0.66004,-0.000936,0.141096,0.140942,1.0,1.0,531.79,236.01,299.71,-0.47,532.25,0.0028265,-0.0001973
0.66504,-0.000229,0.141355,0.141295,1.0,1.0,535.58,236.01,300.27,-0.11,535.7,0.0028265,-0.0001039
0.67004,0.000477,0.1413,0.141333,1.0,1.0,538.67,236.01,300.13,0.24,538.43,0.0028265,-9.9e-06
0.67505,0.001183,0.140931,0.141058,1.0,1.0,541.04,236.01,299.29,0.59,540.45,0.0028265,8.44e-05
0.68005,0.001886,0.140249,0.14047,1.0,1.0,542.7,236.01,297.73,0.94,541.75,0.0028265,0.000179
0.68505,0.002585,0.139256,0.13957,1.0,1.0,543.62,236.01,295.48,1.29,542.33,0.0028265,0.0002738
0.69005,0.003278,0.137954,0.138359,1.0,1.0,543.82,236.01,292.53,1.64,542.18,0.0028265,0.0003687
0.69505,0.003964,0.136345,0.136842,1.0,1.0,543.3,236.01,288.88,1.98,541.31,0.0028265,0.0004634
0.70005,0.004642,0.134433,0.135021,1.0,1.0,542.04,236.01,284.56,2.32,539.72,0.0028265,0.000558
0.70505,0.005308,0.132223,0.132899,1.0,1.0,540.06,236.01,279.56,2.65,537.41,0.0028265,0.0006521
0.71005,0.005963,0.129719,0.130483,1.0,1.0,537.36,236.01,273.9,2.98,534.38,0.0028265,0.0007459
0.71505,0.006605,0.126928,0.127777,1.0,1.0,533.95,236.01,267.59,3.3,530.64,0.0028265,0.000839
0.72005,0.007232,0.123854,0.124787,1.0,1.0,529.82,236.01,260.64,3.62,526.21,0.0028265,0.0009314
0.72505,0.007843,0.120506,0.12152,1.0,1.0,525.0,236.01,253.08,3.92,521.08,0.0028265,0.001023
0.73005,0.008437,0.116889,0.117984,1.0,1.0,519.49,236.01,244.91,4.22,515.27,0.0028265,0.0011136
0.73505,0.009012,0.113014,0.114185,1.0,1.0,513.3,236.01,236.16,4.51,508.79,0.0028265,0.0012032
0.74005,0.009567,0.108887,0.110133,1.0,1.0,506.45,236.01,226.84,4.78,501.66,0.0028265,0.0012915
0.74505,0.0101,0.104518,0.105836,1.0,1.0,498.95,236.01,216.98,5.05,493.9,0.0028265,0.0013786
0.75005,0.010612,0.099918,0.101304,1.0,1.0,490.82,236.01,206.6,5.31,485.51,0.0028265,0.0014642
0.75505,0.011099,0.095095,0.096548,1.0,1.0,482.07,236.01,195.71,5.55,476.52,0.0028265,0.0015484
0.76005,0.011562,0.090062,0.091576,1.0,1.0,472.73,236.01,184.35,5.78,466.94,0.0028265,0.0016309
0.76505,0.012,0.084828,0.086402,1.0,1.0,462.81,236.01,172.55,6.0,456.81,0.0028265,0.0017116
0.77005,0.01241,0.079406,0.081036,1.0,1.0,452.34,236.01,160.31,6.21,446.13,0.0028265,0.0017906
0.77505,0.012793,0.073808,0.075489,1.0,1.0,441.33,236.01,147.68,6.4,434.94,0.0028265,0.0018676
0.78005,0.013148,0.068046,0.069775,1.0,1.0,429.82,236.01,134.69,6.57,423.25,0.0028265,0.0019427
0.78505,0.013474,0.062132,0.063907,1.0,1.0,417.83,236.01,121.35,6.74,411.1,0.0028265,0.0020156
0.79005,0.013769,0.056081,0.057896,1.0,1.0,405.39,236.01,107.7,6.88,398.5,0.0028265,0.0020864
0.79505,0.014034,0.049905,0.051756,1.0,1.0,392.52,236.01,93.77,7.02,385.5,0.0028265,0.002155
0.80005,0.014268,0.043619,0.045502,1.0,1.0,379.24,236.01,79.6,7.13,372.11,0.0028265,0.0022212
0.80505,0.01447,0.037235,0.039147,1.0,1.0,365.6,236.01,65.21,7.24,358.37,0.0028265,0.0022851
0.81005,0.01464,0.030769,0.032705,1.0,1.0,351.62,236.01,50.63,7.32,344.3,0.0028265,0.0023465
0.81505,0.014778,0.024235,0.02619,1.0,1.0,337.32,236.01,35.9,7.39,329.93,0.0028265,0.0024055
0.82005,0.014883,0.017646,0.019617,1.0,1.0,322.75,236.01,21.05,7.44,315.31,0.0028265,0.0024619
0.82506,0.014954,0.011019,0.013,1.0,1.0,307.93,236.01,6.11,7.48,300.46,0.0028265,0.0025157
0.83006,0.014993,0.004367,0.006355,1.0,1.0,272.23,213.56,-7.11,7.5,264.73,0.0025576,0.0025662
0.83506,0.014998,-0.002295,-0.000305,1.0,1.0,158.5,106.55,-13.68,7.5,151.0,0.0012761,0.0026034
0.84006,0.01497,-0.008951,-0.006964,1.0,1.0,3.67,-45.02,-16.73,7.48,-3.82,-0.0005392,0.0026166
0.84506,0.014909,-0.015588,-0.013607,1.0,1.0,-132.95,-176.81,-21.31,7.45,-140.4,-0.0021174,0.0026031
0.85006,0.014814,-0.02219,-0.02022,1.0,1.0,-195.91,-228.61,-32.12,7.41,-203.32,-0.0027379,0.0025721
0.85506,0.014687,-0.028743,-0.026788,1.0,1.0,-217.74,-235.73,-46.35,7.34,-225.08,-0.0028231,0.0025344
0.86006,0.014527,-0.035232,-0.033297,1.0,1.0,-233.28,-236.01,-60.97,7.26,-240.54,-0.0028264,0.0024936
0.86506,0.014334,-0.041642,-0.039732,1.0,1.0,-248.54,-236.01,-75.43,7.17,-255.71,-0.0028265,0.0024502
0.87006,0.01411,-0.047961,-0.046079,1.0,1.0,-263.74,-236.01,-89.69,7.06,-270.8,-0.0028265,0.0024042
0.87506,0.013855,-0.054172,-0.052323,1.0,1.0,-278.86,-236.01,-103.71,6.93,-285.78,-0.0028265,0.0023555
0.88006,0.013569,-0.060264,-0.058451,1.0,1.0,-293.84,-236.01,-117.45,6.78,-300.63,-0.0028265,0.0023043
0.88506,0.013253,-0.066221,-0.064449,1.0,1.0,-308.67,-236.01,-130.89,6.63,-315.3,-0.0028265,0.0022504
0.89006,0.012907,-0.072032,-0.070305,1.0,1.0,-323.31,-236.01,-143.99,6.45,-329.76,-0.0028265,0.002194
0.89506,0.012532,-0.077683,-0.076004,1.0,1.0,-337.72,-236.01,-156.74,6.27,-343.98,-0.0028265,0.0021351
0.90006,0.01213,-0.083161,-0.081534,1.0,1.0,-351.87,-236.01,-169.09,6.07,-357.94,-0.0028265,0.0020737
0.90506,0.011701,-0.088454,-0.086883,1.0,1.0,-365.74,-236.01,-181.03,5.85,-371.59,-0.0028265,0.0020099
0.91006,0.011246,-0.093551,-0.09204,1.0,1.0,-379.28,-236.01,-192.52,5.62,-384.9,-0.0028265,0.0019438
0.91506,0.010766,-0.098441,-0.096992,1.0,1.0,-392.47,-236.01,-203.54,5.38,-397.86,-0.0028265,0.0018753
0.92006,0.010262,-0.103111,-0.101728,1.0,1.0,-405.29,-236.01,-214.07,5.13,-410.42,-0.0028265,0.0018046
0.92506,0.009735,-0.107553,-0.106239,1.0,1.0,-417.69,-236.01,-224.08,4.87,-422.56,-0.0028265,0.0017318
0.93006,0.009187,-0.111756,-0.110514,1.0,1.0,-429.66,-236.01,-233.55,4.59,-434.25,-0.0028265,0.0016569
0.93506,0.008618,-0.115711,-0.114543,1.0,1.0,-441.16,-236.01,-242.46,4.31,-445.47,-0.0028265,0.0015799
0.94006,0.00803,-0.119409,-0.118318,1.0,1.0,-452.17,-236.01,-250.79,4.01,-456.19,-0.0028265,0.0015011
0.94506,0.007424,-0.122841,-0.121831,1.0,1.0,-462.67,-236.01,-258.53,3.71,-466.38,-0.0028265,0.0014204
0.95006,0.006802,-0.126001,-0.125072,1.0,1.0,-472.63,-236.01,-265.64,3.4,-476.03,-0.0028265,0.001338
0.95506,0.006165,-0.128881,-0.128036,1.0,1.0,-482.02,-236.01,-272.13,3.08,-485.11,-0.0028265,0.001254
0.96006,0.005513,-0.131475,-0.130716,1.0,1.0,-490.84,-236.01,-277.96,2.76,-493.6,-0.0028265,0.0011684
0.96506,0.00485,-0.133777,-0.133106,1.0,1.0,-499.05,-236.01,-283.14,2.43,-501.48,-0.0028265,0.0010814
0.97006,0.004176,-0.135782,-0.1352,1.0,1.0,-506.65,-236.01,-287.65,2.09,-508.73,-0.0028265,0.000993
0.97507,0.003493,-0.137486,-0.136993,1.0,1.0,-513.6,-236.01,-291.48,1.75,-515.35,-0.0028265,0.0009035
0.98007,0.002802,-0.138884,-0.138483,1.0,1.0,-519.9,-236.01,-294.62,1.4,-521.3,-0.0028265,0.0008128
0.98507,0.002104,-0.139974,-0.139665,1.0,1.0,-525.53,-236.01,-297.06,1.05,-526.59,-0.0028265,0.0007212
0.99007,0.001402,-0.140753,-0.140537,1.0,1.0,-530.48,-236.01,-298.8,0.7,-531.19,-0.0028265,0.0006287
0.99507,0.000697,-0.141219,-0.141097,1.0,1.0,-534.74,-236.01,-299.84,0.35,-535.09,-0.0028265,0.0005354
1.00007,-9e-06,-0.141372,-0.141343,1.0,1.0,-538.3,-236.01,-300.17,-0.0,-538.3,-0.0028265,0.0004416
1.00507,-0.000716,-0.14121,-0.141276,1.0,1.0,-541.15,-236.01,-299.79,-0.36,-540.79,-0.0028265,0.0003472
1.01007,-0.001421,-0.140736,-0.140895,1.0,1.0,-543.28,-236.01,-298.71,-0.71,-542.57,-0.0028265,0.0002525
1.01507,-0.002123,-0.139949,-0.140201,1.0,1.0,-544.68,-236.01,-296.91,-1.06,-543.62,-0.0028265,0.0001575
1.02007,-0.00282,-0.138851,-0.139195,1.0,1.0,-545.36,-236.01,-294.42,-1.41,-543.95,-0.0028265,6.24e-05
1.02507,-0.003511,-0.137444,-0.137881,1.0,1.0,-545.32,-236.01,-291.24,-1.76,-543.56,-0.0028265,-3.27e-05
1.03007,-0.004194,-0.135733,-0.13626,1.0,1.0,-544.54,-236.01,-287.36,-2.1,-542.44,-0.0028265,-0.0001277
1.03507,-0.004868,-0.13372,-0.134337,1.0,1.0,-543.04,-236.01,-282.81,-2.43,-540.61,-0.0028265,-0.0002224
1.04007,-0.005531,-0.13141,-0.132116,1.0,1.0,-540.82,-236.01,-277.58,-2.77,-538.05,-0.0028265,-0.0003167
1.04507,-0.006182,-0.128808,-0.129601,1.0,1.0,-537.87,-236.01,-271.7,-3.09,-534.78,-0.0028265,-0.0004105
1.05007,-0.006819,-0.125921,-0.126799,1.0,1.0,-534.22,-236.01,-265.18,-3.41,-530.81,-0.0028265,-0.0005037
1.05507,-0.007441,-0.122753,-0.123714,1.0,1.0,-529.85,-236.01,-258.02,-3.72,-526.13,-0.0028265,-0.0005961
1.06007,-0.008046,-0.119314,-0.120356,1.0,1.0,-524.8,-236.01,-250.25,-4.02,-520.77,-0.0028265,-0.0006877
1.06507,-0.008633,-0.115609,-0.11673,1.0,1.0,-519.05,-236.01,-241.89,-4.32,-514.74,-0.0028265,-0.0007782
1.07007,-0.009202,-0.111647,-0.112844,1.0,1.0,-512.64,-236.01,-232.94,-4.6,-508.04,-0.0028265,-0.0008677
1.07507,-0.009749,-0.107438,-0.108708,1.0,1.0,-505.56,-236.01,-223.44,-4.87,-500.69,-0.0028265,-0.0009559
1.08007,-0.010276,-0.10299,-0.104331,1.0,1.0,-497.85,-236.01,-213.4,-5.14,-492.71,-0.0028265,-0.0010427
1.08507,-0.010779,-0.098313,-0.099722,1.0,1.0,-489.5,-236.01,-202.84,-5.39,-484.11,-0.0028265,-0.0011282
1.09007,-0.011258,-0.093418,-0.094892,1.0,1.0,-480.55,-236.01,-191.79,-5.63,-474.92,-0.0028265,-0.001212
1.09507,-0.011713,-0.088316,-0.089851,1.0,1.0,-471.01,-236.01,-180.28,-5.86,-465.15,-0.0028265,-0.0012942
1.10007,-0.012141,-0.083017,-0.08461,1.0,1.0,-460.9,-236.01,-168.33,-6.07,-454.83,-0.0028265,-0.0013747
1.10507,-0.012543,-0.077534,-0.079182,1.0,1.0,-450.25,-236.01,-155.96,-6.27,-443.98,-0.0028265,-0.0014533
1.11007,-0.012916,-0.071879,-0.073577,1.0,1.0,-439.07,-236.01,-143.2,-6.46,-432.61,-0.0028265,-0.0015299
1.11507,-0.013261,-0.066064,-0.06781,1.0,1.0,-427.4,-236.01,-130.08,-6.63,-420.76,-0.0028265,-0.0016045
1.12007,-0.013577,-0.060103,-0.061891,1.0,1.0,-415.25,-236.01,-116.64,-6.79,-408.46,-0.0028265,-0.001677
1.12508,-0.013862,-0.054008,-0.055836,1.0,1.0,-402.65,-236.01,-102.89,-6.93,-395.72,-0.0028265,-0.0017474
1.13008,-0.014117,-0.047793,-0.049656,1.0,1.0,-389.64,-236.01,-88.88,-7.06,-382.58,-0.0028265,-0.0018154
1.13508,-0.01434,-0.041473,-0.043366,1.0,1.0,-376.24,-236.01,-74.63,-7.17,-369.07,-0.0028265,-0.0018811
1.14008,-0.014531,-0.03506,-0.03698,1.0,1.0,-362.48,-236.01,-60.17,-7.27,-355.21,-0.0028265,-0.0019445
1.14508,-0.014691,-0.028569,-0.030511,1.0,1.0,-348.38,-236.01,-45.53,-7.35,-341.04,-0.0028265,-0.0020053
1.15008,-0.014817,-0.022014,-0.023975,1.0,1.0,-333.99,-236.01,-30.76,-7.41,-326.58,-0.0028265,-0.0020637
1.15508,-0.014911,-0.015411,-0.017386,1.0,1.0,-319.33,-236.01,-15.87,-7.46,-311.88,-0.0028265,-0.0021195
1.16008,-0.014971,-0.008774,-0.010758,1.0,1.0,-304.44,-236.01,-0.91,-7.49,-296.95,-0.0028265,-0.0021728
1.16508,-0.014998,-0.002117,-0.004106,1.0,1.0,-241.47,-184.03,9.99,-7.5,-233.97,-0.002204,-0.0022206
1.17008,-0.014992,0.004544,0.002555,1.0,1.0,-109.54,-57.29,15.0,-7.5,-102.05,-0.0006861,-0.0022506
1.17508,-0.014953,0.011196,0.00921,1.0,1.0,48.9,98.2,17.73,-7.48,56.38,0.001176,-0.0022546
1.18008,-0.01488,0.017823,0.015845,1.0,1.0,161.11,203.48,24.38,-7.44,168.55,0.0024369,-0.0022338
1.18508,-0.014775,0.02441,0.022445,1.0,1.0,203.8,233.27,36.89,-7.39,211.18,0.0027936,-0.0021999
1.19008,-0.014636,0.030942,0.028994,1.0,1.0,221.54,235.94,51.43,-7.32,228.86,0.0028257,-0.0021613
1.19508,-0.014465,0.037407,0.03548,1.0,1.0,236.89,236.01,66.01,-7.23,244.12,0.0028265,-0.00212
1.20008,-0.014262,0.043788,0.041886,1.0,1.0,252.13,236.01,80.41,-7.13,259.26,0.0028265,-0.0020759
1.20508,-0.014028,0.050071,0.0482,1.0,1.0,267.31,236.01,94.59,-7.01,274.32,0.0028265,-0.0020293
1.21008,-0.013762,0.056244,0.054407,1.0,1.0,282.39,236.01,108.51,-6.88,289.27,0.0028265,-0.00198
1.21508,-0.013465,0.062292,0.060492,1.0,1.0,297.32,236.01,122.16,-6.73,304.06,0.0028265,-0.0019281
1.22008,-0.013139,0.068201,0.066444,1.0,1.0,312.09,236.01,135.48,-6.57,318.66,0.0028265,-0.0018737
1.22508,-0.012784,0.073959,0.072248,1.0,1.0,326.66,236.01,148.47,-6.39,333.05,0.0028265,-0.0018167
1.23008,-0.0124,0.079553,0.077891,1.0,1.0,340.99,236.01,161.09,-6.2,347.18,0.0028265,-0.0017572
1.23508,-0.011988,0.08497,0.083362,1.0,1.0,355.05,236.01,173.3,-5.99,361.04,0.0028265,-0.0016953
1.24008,-0.01155,0.090199,0.088647,1.0,1.0,368.81,236.01,185.09,-5.78,374.58,0.0028265,-0.0016309
1.24508,-0.011087,0.095227,0.093736,1.0,1.0,382.24,236.01,196.43,-5.54,387.78,0.0028265,-0.0015643
1.25008,-0.010598,0.100043,0.098616,1.0,1.0,395.31,236.01,207.29,-5.3,400.6,0.0028265,-0.0014953
1.25508,-0.010086,0.104638,0.103278,1.0,1.0,407.98,236.01,217.64,-5.04,413.03,0.0028265,-0.0014242
1.26008,-0.009552,0.109,0.10771,1.0,1.0,420.24,236.01,227.47,-4.78,425.02,0.0028265,-0.0013509
1.26508,-0.008997,0.11312,0.111903,1.0,1.0,432.06,236.01,236.76,-4.5,436.56,0.0028265,-0.0012756
1.27008,-0.008421,0.116989,0.115847,1.0,1.0,443.4,236.01,245.47,-4.21,447.61,0.0028265,-0.0011982
1.27509,-0.007827,0.120598,0.119534,1.0,1.0,454.24,236.01,253.61,-3.91,458.15,0.0028265,-0.001119
1.28009,-0.007216,0.12394,0.122956,1.0,1.0,464.56,236.01,261.13,-3.61,468.17,0.0028265,-0.001038
1.28509,-0.006588,0.127006,0.126105,1.0,1.0,474.33,236.01,268.03,-3.29,477.63,0.0028265,-0.0009553
1.29009,-0.005946,0.12979,0.128974,1.0,1.0,483.54,236.01,274.3,-2.97,486.51,0.0028265,-0.000871
1.29509,-0.005291,0.132286,0.131556,1.0,1.0,492.15,236.01,279.92,-2.65,494.8,0.0028265,-0.0007852
1.30009,-0.004624,0.134488,0.133846,1.0,1.0,500.16,236.01,284.87,-2.31,502.47,0.0028265,-0.000698
1.30509,-0.003946,0.136392,0.135839,1.0,1.0,507.54,236.01,289.15,-1.97,509.51,0.0028265,-0.0006095
1.31009,-0.00326,0.137992,0.137531,1.0,1.0,514.28,236.01,292.75,-1.63,515.91,0.0028265,-0.0005198
1.31509,-0.002567,0.139287,0.138917,1.0,1.0,520.35,236.01,295.65,-1.28,521.64,0.0028265,-0.0004291
1.32009,-0.001868,0.140272,0.139994,1.0,1.0,525.76,236.01,297.86,-0.93,526.69,0.0028265,-0.0003374
1.32509,-0.001164,0.140945,0.140761,1.0,1.0,530.48,236.01,299.36,-0.58,531.06,0.0028265,-0.0002449
1.33009,-0.000459,0.141306,0.141215,1.0,1.0,534.5,236.01,300.16,-0.23,534.73,0.0028265,-0.0001517
1.33509,0.000248,0.141352,0.141355,1.0,1.0,537.82,236.01,300.25,0.12,537.7,0.0028265,-5.79e-05
1.34009,0.000954,0.141085,0.141182,1.0,1.0,540.43,236.01,299.63,0.48,539.95,0.0028265,3.63e-05
1.34509,0.001659,0.140505,0.140695,1.0,1.0,542.31,236.01,298.31,0.83,541.48,0.0028265,0.0001309
1.35009,0.002359,0.139612,0.139896,1.0,1.0,543.48,236.01,296.28,1.18,542.3,0.0028265,0.0002256
1.35509,0.003054,0.13841,0.138786,1.0,1.0,543.91,236.01,293.55,1.53,542.39,0.0028265,0.0003205
1.36009,0.003743,0.1369,0.137368,1.0,1.0,543.62,236.01,290.13,1.87,541.75,0.0028265,0.0004153
1.36509,0.004423,0.135086,0.135645,1.0,1.0,542.6,236.01,286.03,2.21,540.39,0.0028265,0.0005099
1.37009,0.005093,0.132973,0.13362,1.0,1.0,540.86,236.01,281.25,2.55,538.31,0.0028265,0.0006042
1.37509,0.005752,0.130564,0.131299,1.0,1.0,538.39,236.01,275.8,2.88,535.51,0.0028265,0.0006982
1.38009,0.006398,0.127865,0.128686,1.0,1.0,535.21,236.01,269.7,3.2,532.01,0.0028265,0.0007915
1.38509,0.00703,0.124882,0.125788,1.0,1.0,531.31,236.01,262.96,3.52,527.8,0.0028265,0.0008842
1.39009,0.007647,0.121622,0.12261,1.0,1.0,526.71,236.01,255.59,3.82,522.89,0.0028265,0.0009761
1.39509,0.008246,0.118091,0.11916,1.0,1.0,521.43,236.01,247.62,4.12,517.3,0.0028265,0.001067
1.40009,0.008827,0.114299,0.115446,1.0,1.0,515.46,236.01,239.06,4.41,511.04,0.0028265,0.0011569
1.40509,0.009389,0.110253,0.111475,1.0,1.0,508.82,236.01,229.92,4.69,504.12,0.0028265,0.0012457
1.41009,0.00993,0.105962,0.107256,1.0,1.0,501.53,236.01,220.23,4.96,496.56,0.0028265,0.0013332
1.41509,0.010448,0.101435,0.1028,1.0,1.0,493.6,236.01,210.02,5.22,488.37,0.0028265,0.0014193
1.42009,0.010944,0.096684,0.098115,1.0,1.0,485.05,236.01,199.29,5.47,479.57,0.0028265,0.001504
1.4251,0.011415,0.091717,0.093212,1.0,1.0,475.89,236.01,188.08,5.71,470.19,0.0028265,0.001587
1.4301,0.011861,0.086547,0.088102,1.0,1.0,466.16,236.01,176.42,5.93,460.23,0.0028265,0.0016684
1.4351,0.01228,0.081185,0.082797,1.0,1.0,455.87,236.01,164.32,6.14,449.73,0.0028265,0.001748
1.4401,0.012672,0.075643,0.077308,1.0,1.0,445.03,236.01,151.82,6.34,438.7,0.0028265,0.0018256
1.4451,0.013036,0.069932,0.071647,1.0,1.0,433.69,236.01,138.94,6.52,427.17,0.0028265,0.0019014
1.4501,0.013371,0.064067,0.065827,1.0,1.0,421.85,236.01,125.7,6.69,415.16,0.0028265,0.001975
1.4551,0.013677,0.058059,0.059861,1.0,1.0,409.55,236.01,112.15,6.84,402.71,0.0028265,0.0020465
1.4601,0.013952,0.051922,0.053762,1.0,1.0,396.81,236.01,98.31,6.98,389.84,0.0028265,0.0021158
1.4651,0.014196,0.04567,0.047543,1.0,1.0,383.67,236.01,84.22,7.1,376.57,0.0028265,0.0021828
1.4701,0.014408,0.039316,0.041219,1.0,1.0,370.14,236.01,69.89,7.2,362.94,0.0028265,0.0022475
1.4751,0.014589,0.032875,0.034803,1.0,1.0,356.26,236.01,55.37,7.29,348.97,0.0028265,0.0023097
1.4801,0.014737,0.026361,0.028311,1.0,1.0,342.07,236.01,40.68,7.37,334.7,0.0028265,0.0023695
1.4851,0.014852,0.019789,0.021755,1.0,1.0,327.58,236.01,25.87,7.43,320.16,0.0028265,0.0024268
1.4901,0.014935,0.013172,0.015151,1.0,1.0,312.84,236.01,10.96,7.47,305.37,0.0028265,0.0024815
1.4951,0.014984,0.006527,0.008513,1.0,1.0,293.27,231.01,-3.63,7.49,285.78,0.0027666,0.0025335
1.5001,0.015,-0.000133,0.001857,1.0,1.0,201.63,147.94,-12.08,7.5,194.13,0.0017718,0.0025766
1.5051,0.014983,-0.006793,-0.004804,1.0,1.0,56.42,6.81,-15.96,7.49,48.93,8.15e-05,0.0025983
1.5101,0.014932,-0.013438,-0.011454,1.0,1.0,-96.04,-142.18,-19.19,7.47,-103.5,-0.0017027,0.002593
1.5151,0.014848,-0.020053,-0.018079,1.0,1.0,-182.6,-219.61,-28.01,7.42,-190.02,-0.0026301,0.0025662
1.5201,0.014732,-0.026623,-0.024663,1.0,1.0,-212.11,-235.08,-41.62,7.37,-219.47,-0.0028153,0.00253
1.5251,0.014582,-0.033134,-0.031193,1.0,1.0,-228.24,-236.0,-56.24,7.29,-235.53,-0.0028263,0.0024901
1.5301,0.0144,-0.039572,-0.037653,1.0,1.0,-243.52,-236.01,-70.77,7.2,-250.72,-0.0028265,0.0024476
1.5351,0.014187,-0.045922,-0.04403,1.0,1.0,-258.75,-236.01,-85.1,7.09,-265.84,-0.0028265,0.0024024
1.5401,0.013941,-0.05217,-0.050309,1.0,1.0,-273.89,-236.01,-99.19,6.97,-280.86,-0.0028265,0.0023546
1.5451,0.013665,-0.058302,-0.056476,1.0,1.0,-288.92,-236.01,-113.03,6.83,-295.76,-0.0028265,0.0023042
1.5501,0.013358,-0.064304,-0.062518,1.0,1.0,-303.81,-236.01,-126.57,6.68,-310.49,-0.0028265,0.0022512
1.5551,0.013022,-0.070164,-0.068421,1.0,1.0,-318.51,-236.01,-139.79,6.51,-325.02,-0.0028265,0.0021956
1.5601,0.012657,-0.075868,-0.074173,1.0,1.0,-333.0,-236.01,-152.65,6.33,-339.32,-0.0028265,0.0021376
1.5651,0.012264,-0.081403,-0.079759,1.0,1.0,-347.24,-236.01,-165.13,6.13,-353.37,-0.0028265,0.002077
1.5701,0.011843,-0.086758,-0.085168,1.0,1.0,-361.2,-236.01,-177.21,5.92,-367.12,-0.0028265,0.002014
1.57511,0.011396,-0.09192,-0.090389,1.0,1.0,-374.85,-236.01,-188.85,5.7,-380.55,-0.0028265,0.0019486
1.58011,0.010924,-0.096878,-0.095408,1.0,1.0,-388.16,-236.01,-200.02,5.46,-393.62,-0.0028265,0.0018809
1.58511,0.010428,-0.101621,-0.100216,1.0,1.0,-401.1,-236.01,-210.72,5.21,-406.31,-0.0028265,0.001811
1.59011,0.009908,-0.106138,-0.104801,1.0,1.0,-413.64,-236.01,-220.9,4.95,-418.59,-0.0028265,0.0017388
1.59511,0.009367,-0.110419,-0.109153,1.0,1.0,-425.75,-236.01,-230.55,4.68,-430.43,-0.0028265,0.0016646
1.60011,0.008805,-0.114456,-0.113263,1.0,1.0,-437.41,-236.01,-239.64,4.4,-441.81,-0.0028265,0.0015883
1.60511,0.008223,-0.118238,-0.117122,1.0,1.0,-448.58,-236.01,-248.16,4.11,-452.69,-0.0028265,0.0015101
1.61011,0.007623,-0.121757,-0.12072,1.0,1.0,-459.25,-236.01,-256.09,3.81,-463.06,-0.0028265,0.00143
1.61511,0.007005,-0.125006,-0.124051,1.0,1.0,-469.38,-236.01,-263.41,3.5,-472.89,-0.0028265,0.0013482
1.62011,0.006373,-0.127978,-0.127106,1.0,1.0,-478.97,-236.01,-270.1,3.19,-482.15,-0.0028265,0.0012646
1.62511,0.005726,-0.130666,-0.129878,1.0,1.0,-487.97,-236.01,-276.15,2.86,-490.84,-0.0028265,0.0011796
1.63011,0.005067,-0.133063,-0.132363,1.0,1.0,-496.38,-236.01,-281.54,2.53,-498.92,-0.0028265,0.001093
1.63511,0.004396,-0.135165,-0.134553,1.0,1.0,-504.18,-236.01,-286.27,2.2,-506.38,-0.0028265,0.0010051
1.64011,0.003715,-0.136966,-0.136445,1.0,1.0,-511.34,-236.01,-290.32,1.86,-513.2,-0.0028265,0.0009159
1.64511,0.003027,-0.138464,-0.138033,1.0,1.0,-517.86,-236.01,-293.68,1.51,-519.37,-0.0028265,0.0008256
1.65011,0.002331,-0.139654,-0.139315,1.0,1.0,-523.71,-236.01,-296.35,1.17,-524.87,-0.0028265,0.0007343
1.65511,0.001631,-0.140534,-0.140288,1.0,1.0,-528.88,-236.01,-298.32,0.82,-529.7,-0.0028265,0.0006421
1.66011,0.000926,-0.141102,-0.140949,1.0,1.0,-533.37,-236.01,-299.59,0.46,-533.83,-0.0028265,0.0005491
1.66511,0.00022,-0.141356,-0.141297,1.0,1.0,-537.15,-236.01,-300.15,0.11,-537.26,-0.0028265,0.0004554
1.67011,-0.000487,-0.141297,-0.141332,1.0,1.0,-540.23,-236.01,-300.0,-0.24,-539.99,-0.0028265,0.0003612
1.67511,-0.001193,-0.140924,-0.141053,1.0,1.0,-542.59,-236.01,-299.14,-0.6,-542.0,-0.0028265,0.0002666
1.68011,-0.001896,-0.140238,-0.14046,1.0,1.0,-544.23,-236.01,-297.58,-0.95,-543.29,-0.0028265,0.0001717
1.68511,-0.002595,-0.139241,-0.139555,1.0,1.0,-545.15,-236.01,-295.31,-1.3,-543.85,-0.0028265,7.66e-05
1.69011,-0.003288,-0.137934,-0.138341,1.0,1.0,-545.34,-236.01,-292.35,-1.64,-543.7,-0.0028265,-1.85e-05
1.69511,-0.003974,-0.136321,-0.13682,1.0,1.0,-544.8,-236.01,-288.7,-1.99,-542.81,-0.0028265,-0.0001135
1.70011,-0.00465,-0.134406,-0.134994,1.0,1.0,-543.54,-236.01,-284.37,-2.33,-541.21,-0.0028265,-0.0002083
1.70511,-0.005317,-0.132192,-0.132869,1.0,1.0,-541.55,-236.01,-279.36,-2.66,-538.89,-0.0028265,-0.0003027
1.71011,-0.005972,-0.129684,-0.130449,1.0,1.0,-538.83,-236.01,-273.69,-2.99,-535.85,-0.0028265,-0.0003967
1.71511,-0.006614,-0.126889,-0.127739,1.0,1.0,-535.41,-236.01,-267.37,-3.31,-532.1,-0.0028265,-0.0004901
1.72011,-0.007241,-0.123811,-0.124746,1.0,1.0,-531.27,-236.01,-260.42,-3.62,-527.65,-0.0028265,-0.0005828
1.72512,-0.007851,-0.120459,-0.121475,1.0,1.0,-526.44,-236.01,-252.85,-3.93,-522.52,-0.0028265,-0.0006746
1.73012,-0.008445,-0.116839,-0.117935,1.0,1.0,-520.92,-236.01,-244.67,-4.22,-516.7,-0.0028265,-0.0007655
1.73512,-0.009019,-0.11296,-0.114133,1.0,1.0,-514.72,-236.01,-235.91,-4.51,-510.21,-0.0028265,-0.0008553
1.74012,-0.009574,-0.10883,-0.110077,1.0,1.0,-507.86,-236.01,-226.59,-4.79,-503.07,-0.0028265,-0.0009439
1.74512,-0.010107,-0.104458,-0.105777,1.0,1.0,-500.35,-236.01,-216.72,-5.05,-495.3,-0.0028265,-0.0010312
1.75012,-0.010618,-0.099855,-0.101242,1.0,1.0,-492.21,-236.01,-206.33,-5.31,-486.9,-0.0028265,-0.0011171
1.75512,-0.011106,-0.09503,-0.096483,1.0,1.0,-483.45,-236.01,-195.44,-5.55,-477.9,-0.0028265,-0.0012014
1.76012,-0.011568,-0.089993,-0.091509,1.0,1.0,-474.1,-236.01,-184.07,-5.78,-468.31,-0.0028265,-0.0012842
1.76512,-0.012005,-0.084757,-0.086332,1.0,1.0,-464.17,-236.01,-172.26,-6.0,-458.17,-0.0028265,-0.0013652
1.77012,-0.012416,-0.079333,-0.080963,1.0,1.0,-453.69,-236.01,-160.02,-6.21,-447.48,-0.0028265,-0.0014444
1.77512,-0.012798,-0.073732,-0.075414,1.0,1.0,-442.68,-236.01,-147.38,-6.4,-436.28,-0.0028265,-0.0015216
1.78012,-0.013153,-0.067968,-0.069698,1.0,1.0,-431.17,-236.01,-134.38,-6.58,-424.59,-0.0028265,-0.0015969
1.78512,-0.013478,-0.062052,-0.063827,1.0,1.0,-419.17,-236.01,-121.04,-6.74,-412.43,-0.0028265,-0.0016701
1.79012,-0.013773,-0.055999,-0.057815,1.0,1.0,-406.72,-236.01,-107.39,-6.89,-399.83,-0.0028265,-0.0017411
1.79512,-0.014038,-0.049822,-0.051674,1.0,1.0,-393.84,-236.01,-93.46,-7.02,-386.82,-0.0028265,-0.0018099
1.80012,-0.014271,-0.043534,-0.045418,1.0,1.0,-380.56,-236.01,-79.28,-7.14,-373.42,-0.0028265,-0.0018764
1.80512,-0.014473,-0.037149,-0.039062,1.0,1.0,-366.91,-236.01,-64.88,-7.24,-359.67,-0.0028265,-0.0019405
1.81012,-0.014642,-0.030682,-0.032618,1.0,1.0,-352.92,-236.01,-50.3,-7.32,-345.6,-0.0028265,-0.0020022
1.81512,-0.01478,-0.024147,-0.026103,1.0,1.0,-338.62,-236.01,-35.57,-7.39,-331.23,-0.0028265,-0.0020613
1.82012,-0.014884,-0.017558,-0.019529,1.0,1.0,-324.04,-236.01,-20.72,-7.44,-316.6,-0.0028265,-0.002118
1.82512,-0.014955,-0.01093,-0.012912,1.0,1.0,-309.22,-236.01,-5.78,-7.48,-301.74,-0.0028265,-0.002172
1.83012,-0.014993,-0.004278,-0.006266,1.0,1.0,-272.08,-212.01,7.32,-7.5,-264.58,-0.002539,-0.0022227
1.83512,-0.014998,0.002384,0.000394,1.0,1.0,-157.06,-103.59,13.78,-7.5,-149.56,-0.0012406,-0.0022597
1.84012,-0.014969,0.00904,0.007052,1.0,1.0,-1.75,48.49,16.79,-7.48,5.73,0.0005808,-0.0022726
1.84512,-0.014907,0.015676,0.013695,1.0,1.0,133.5,178.8,21.48,-7.45,140.96,0.0021413,-0.0022589
1.85012,-0.014813,0.022278,0.020308,1.0,1.0,195.01,229.03,32.41,-7.41,202.42,0.0027429,-0.0022279
1.85512,-0.014685,0.02883,0.026876,1.0,1.0,216.48,235.75,46.67,-7.34,223.82,0.0028234,-0.0021904
1.86012,-0.014524,0.035318,0.033384,1.0,1.0,232.0,236.01,61.29,-7.26,239.26,0.0028264,-0.0021499
1.86512,-0.014332,0.041727,0.039817,1.0,1.0,247.26,236.01,75.75,-7.17,254.43,0.0028265,-0.0021067
1.87012,-0.014107,0.048044,0.046163,1.0,1.0,262.47,236.01,90.01,-7.05,269.52,0.0028265,-0.0020609
1.87513,-0.013851,0.054254,0.052406,1.0,1.0,277.58,236.01,104.02,-6.93,284.5,0.0028265,-0.0020124
1.88013,-0.013565,0.060344,0.058532,1.0,1.0,292.56,236.01,117.76,-6.78,299.35,0.0028265,-0.0019614
1.88513,-0.013248,0.0663,0.064529,1.0,1.0,307.39,236.01,131.19,-6.62,314.01,0.0028265,-0.0019078
1.89013,-0.012902,0.072108,0.070382,1.0,1.0,322.02,236.01,144.29,-6.45,328.48,0.0028265,-0.0018516
1.89513,-0.012527,0.077757,0.076079,1.0,1.0,336.43,236.01,157.03,-6.26,342.7,0.0028265,-0.0017929
1.90013,-0.012125,0.083233,0.081607,1.0,1.0,350.58,236.01,169.38,-6.06,356.65,0.0028265,-0.0017317
1.90513,-0.011695,0.088524,0.086953,1.0,1.0,364.45,236.01,181.31,-5.85,370.29,0.0028265,-0.0016682
1.91013,-0.01124,0.093618,0.092107,1.0,1.0,377.99,236.01,192.8,-5.62,383.61,0.0028265,-0.0016022
1.91513,-0.010759,0.098504,0.097056,1.0,1.0,391.18,236.01,203.81,-5.38,396.56,0.0028265,-0.001534
1.92013,-0.010255,0.103172,0.10179,1.0,1.0,403.98,236.01,214.33,-5.13,409.11,0.0028265,-0.0014636
1.92513,-0.009728,0.107611,0.106298,1.0,1.0,416.38,236.01,224.34,-4.86,421.25,0.0028265,-0.001391
1.93013,-0.009179,0.111811,0.110569,1.0,1.0,428.35,236.01,233.8,-4.59,432.93,0.0028265,-0.0013163
1.93513,-0.00861,0.115762,0.114595,1.0,1.0,439.84,236.01,242.7,-4.31,444.15,0.0028265,-0.0012396
1.94013,-0.008022,0.119456,0.118367,1.0,1.0,450.85,236.01,251.03,-4.01,454.86,0.0028265,-0.001161
1.94513,-0.007416,0.122885,0.121876,1.0,1.0,461.34,236.01,258.75,-3.71,465.05,0.0028265,-0.0010805
1.95013,-0.006793,0.126042,0.125114,1.0,1.0,471.29,236.01,265.86,-3.4,474.69,0.0028265,-0.0009983
1.95513,-0.006156,0.128918,0.128074,1.0,1.0,480.68,236.01,272.33,-3.08,483.76,0.0028265,-0.0009145
1.96013,-0.005505,0.131508,0.13075,1.0,1.0,489.49,236.01,278.16,-2.75,492.25,0.0028265,-0.0008292
1.96513,-0.004841,0.133806,0.133136,1.0,1.0,497.7,236.01,283.33,-2.42,500.12,0.0028265,-0.0007424
1.97013,-0.004167,0.135807,0.135226,1.0,1.0,505.28,236.01,287.83,-2.08,507.37,0.0028265,-0.0006543
1.97513,-0.003484,0.137506,0.137015,1.0,1.0,512.23,236.01,291.65,-1.74,513.97,0.0028265,-0.000565
1.98013,-0.002792,0.1389,0.138501,1.0,1.0,518.52,236.01,294.78,-1.4,519.92,0.0028265,-0.0004746
1.98513,-0.002095,0.139986,0.139679,1.0,1.0,524.15,236.01,297.21,-1.05,525.2,0.0028265,-0.0003832
1.99013,-0.001393,0.140761,0.140546,1.0,1.0,529.09,236.01,298.95,-0.7,529.79,0.0028265,-0.0002909
1.99513,-0.000688,0.141223,0.141102,1.0,1.0,533.34,236.01,299.97,-0.34,533.69,0.0028265,-0.0001979
2.00013,1.9e-05,0.141372,0.141344,1.0,1.0,536.89,236.01,300.29,0.01,536.88,0.0028265,-0.0001043
2.00513,0.000725,0.141206,0.141273,1.0,1.0,539.73,236.01,299.91,0.36,539.37,0.0028265,-1.02e-05
2.01013,0.00143,0.140727,0.140887,1.0,1.0,541.85,236.01,298.81,0.72,541.13,0.0028265,8.43e-05
2.01513,0.002132,0.139936,0.140189,1.0,1.0,543.25,236.01,297.01,1.07,542.18,0.0028265,0.000179
2.02013,0.002829,0.138834,0.13918,1.0,1.0,543.92,236.01,294.51,1.41,542.51,0.0028265,0.0002739
2.02514,0.00352,0.137423,0.137861,1.0,1.0,543.86,236.01,291.31,1.76,542.1,0.0028265,0.0003687
2.03014,0.004203,0.135708,0.136237,1.0,1.0,543.08,236.01,287.43,2.1,540.98,0.0028265,0.0004635
2.03514,0.004877,0.133691,0.13431,1.0,1.0,541.57,236.01,282.87,2.44,539.13,0.0028265,0.0005579
2.04014,0.00554,0.131377,0.132084,1.0,1.0,539.34,236.01,277.63,2.77,536.57,0.0028265,0.000652
2.04514,0.00619,0.128772,0.129566,1.0,1.0,536.39,236.01,271.74,3.1,533.29,0.0028265,0.0007455
2.05014,0.006827,0.12588,0.126759,1.0,1.0,532.72,236.01,265.21,3.41,529.31,0.0028265,0.0008384
2.05514,0.007449,0.122709,0.123671,1.0,1.0,528.35,236.01,258.05,3.72,524.63,0.0028265,0.0009306
2.06014,0.008054,0.119266,0.120309,1.0,1.0,523.28,236.01,250.27,4.03,519.26,0.0028265,0.0010219
2.06514,0.008641,0.115558,0.116679,1.0,1.0,517.53,236.01,241.89,4.32,513.21,0.0028265,0.0011122
2.07014,0.009209,0.111593,0.112791,1.0,1.0,511.11,236.01,232.94,4.6,506.51,0.0028265,0.0012013
2.07514,0.009757,0.10738,0.108652,1.0,1.0,504.03,236.01,223.43,4.88,499.15,0.0028265,0.0012893
2.08014,0.010282,0.102929,0.104271,1.0,1.0,496.31,236.01,213.38,5.14,491.16,0.0028265,0.0013759
2.08514,0.010786,0.098249,0.099659,1.0,1.0,487.96,236.01,202.82,5.39,482.56,0.0028265,0.001461
2.09014,0.011265,0.093351,0.094826,1.0,1.0,479.0,236.01,191.77,5.63,473.36,0.0028265,0.0015446
2.09514,0.011719,0.088246,0.089782,1.0,1.0,469.45,236.01,180.25,5.86,463.59,0.0028265,0.0016265
2.10014,0.012147,0.082945,0.084539,1.0,1.0,459.33,236.01,168.29,6.07,453.26,0.0028265,0.0017067
2.10514,0.012548,0.07746,0.079108,1.0,1.0,448.67,236.01,155.91,6.27,442.4,0.0028265,0.001785
2.11014,0.012921,0.071803,0.073502,1.0,1.0,437.49,236.01,143.15,6.46,431.03,0.0028265,0.0018614
2.11514,0.013266,0.065986,0.067732,1.0,1.0,425.81,236.01,130.03,6.63,419.18,0.0028265,0.0019358
2.12014,0.013581,0.060023,0.061812,1.0,1.0,413.66,236.01,116.58,6.79,406.87,0.0028265,0.002008
2.12514,0.013866,0.053926,0.055754,1.0,1.0,401.06,236.01,102.83,6.93,394.13,0.0028265,0.002078
2.13014,0.01412,0.04771,0.049573,1.0,1.0,388.04,236.01,88.81,7.06,380.98,0.0028265,0.0021458
2.13514,0.014343,0.041388,0.043282,1.0,1.0,374.64,236.01,74.56,7.17,367.46,0.0028265,0.0022112
2.14014,0.014534,0.034974,0.036894,1.0,1.0,360.87,236.01,60.09,7.27,353.6,0.0028265,0.0022743
2.14514,0.014692,0.028482,0.030425,1.0,1.0,346.77,236.01,45.46,7.35,339.43,0.0028265,0.0023349
2.15014,0.014818,0.021927,0.023888,1.0,1.0,332.38,236.01,30.68,7.41,324.97,0.0028265,0.002393
2.15514,0.014912,0.015323,0.017298,1.0,1.0,317.72,236.01,15.8,7.46,310.26,0.0028265,0.0024485
2.16014,0.014972,0.008685,0.01067,1.0,1.0,302.82,236.01,0.84,7.49,295.33,0.0028265,0.0025015
2.16514,0.014998,0.002028,0.004017,1.0,1.0,239.37,183.51,-10.02,7.5,231.87,0.0021977,0.002549
2.17014,0.014992,-0.004633,-0.002644,1.0,1.0,107.2,56.51,-15.02,7.5,99.71,0.0006767,0.0025786
2.17515,0.014952,-0.011284,-0.009299,1.0,1.0,-51.22,-98.96,-17.75,7.48,-58.69,-0.0011851,0.0025822
2.18015,0.014879,-0.017911,-0.015933,1.0,1.0,-163.02,-203.8,-24.43,7.44,-170.46,-0.0024407,0.002561
2.18515,0.014773,-0.024497,-0.022532,1.0,1.0,-205.45,-233.31,-36.97,7.39,-212.84,-0.0027941,0.0025268
2.19015,0.014634,-0.031029,-0.029081,1.0,1.0,-223.16,-235.94,-51.5,7.32,-230.48,-0.0028257,0.0024879
2.19515,0.014463,-0.037492,-0.035566,1.0,1.0,-238.5,-236.01,-66.08,7.23,-245.73,-0.0028265,0.0024463
2.20015,0.014259,-0.043872,-0.041971,1.0,1.0,-253.75,-236.01,-80.48,7.13,-260.88,-0.0028265,0.002402
2.20515,0.014024,-0.050155,-0.048284,1.0,1.0,-268.92,-236.01,-94.65,7.01,-275.93,-0.0028265,0.002355
2.21015,0.013758,-0.056326,-0.054489,1.0,1.0,-283.99,-236.01,-108.58,6.88,-290.87,-0.0028265,0.0023055
2.21515,0.013461,-0.062372,-0.060573,1.0,1.0,-298.93,-236.01,-122.21,6.73,-305.66,-0.0028265,0.0022533
2.22015,0.013135,-0.068279,-0.066522,1.0,1.0,-313.69,-236.01,-135.54,6.57,-320.26,-0.0028265,0.0021986
2.22515,0.012779,-0.074035,-0.072324,1.0,1.0,-328.25,-236.01,-148.52,6.39,-334.64,-0.0028265,0.0021413
2.23015,0.012394,-0.079626,-0.077965,1.0,1.0,-342.58,-236.01,-161.13,6.2,-348.78,-0.0028265,0.0020816
2.23515,0.011983,-0.085041,-0.083434,1.0,1.0,-356.63,-236.01,-173.34,5.99,-362.63,-0.0028265,0.0020193
2.24015,0.011544,-0.090267,-0.088716,1.0,1.0,-370.39,-236.01,-185.13,5.77,-376.16,-0.0028265,0.0019547
2.24515,0.01108,-0.095292,-0.093802,1.0,1.0,-383.81,-236.01,-196.46,5.54,-389.35,-0.0028265,0.0018878
2.25015,0.010592,-0.100106,-0.09868,1.0,1.0,-396.88,-236.01,-207.31,5.3,-402.17,-0.0028265,0.0018186
2.25515,0.010079,-0.104698,-0.103338,1.0,1.0,-409.55,-236.01,-217.66,5.04,-414.59,-0.0028265,0.0017472
2.26015,0.009545,-0.109057,-0.107767,1.0,1.0,-421.8,-236.01,-227.48,4.77,-426.58,-0.0028265,0.0016736
2.26515,0.008989,-0.113173,-0.111957,1.0,1.0,-433.61,-236.01,-236.76,4.49,-438.1,-0.0028265,0.001598
2.27015,0.008414,-0.117039,-0.115898,1.0,1.0,-444.94,-236.01,-245.47,4.21,-449.15,-0.0028265,0.0015204
2.27515,0.007819,-0.120645,-0.119582,1.0,1.0,-455.78,-236.01,-253.59,3.91,-459.69,-0.0028265,0.0014409
2.28015,0.007207,-0.123982,-0.123,1.0,1.0,-466.09,-236.01,-261.11,3.6,-469.69,-0.0028265,0.0013597
2.28515,0.00658,-0.127045,-0.126145,1.0,1.0,-475.85,-236.01,-268.0,3.29,-479.14,-0.0028265,0.0012767
2.29015,0.005937,-0.129825,-0.12901,1.0,1.0,-485.05,-236.01,-274.26,2.97,-488.02,-0.0028265,0.0011921
2.29515,0.005282,-0.132317,-0.131589,1.0,1.0,-493.65,-236.01,-279.87,2.64,-496.3,-0.0028265,0.001106
2.30015,0.004615,-0.134515,-0.133875,1.0,1.0,-501.65,-236.01,-284.81,2.31,-503.96,-0.0028265,0.0010186
2.30515,0.003937,-0.136415,-0.135864,1.0,1.0,-509.02,-236.01,-289.09,1.97,-510.99,-0.0028265,0.0009298
2.31015,0.003251,-0.138012,-0.137551,1.0,1.0,-515.75,-236.01,-292.67,1.63,-517.38,-0.0028265,0.0008399
2.31515,0.002557,-0.139302,-0.138933,1.0,1.0,-521.82,-236.01,-295.57,1.28,-523.1,-0.0028265,0.0007489
2.32015,0.001858,-0.140283,-0.140006,1.0,1.0,-527.21,-236.01,-297.76,0.93,-528.14,-0.0028265,0.000657
2.32516,0.001155,-0.140952,-0.140769,1.0,1.0,-531.92,-236.01,-299.26,0.58,-532.5,-0.0028265,0.0005642
2.33016,0.000449,-0.141308,-0.141219,1.0,1.0,-535.94,-236.01,-300.05,0.22,-536.16,-0.0028265,0.0004708
2.33516,-0.000258,-0.141351,-0.141355,1.0,1.0,-539.24,-236.01,-300.13,-0.13,-539.12,-0.0028265,0.0003767
2.34016,-0.000964,-0.14108,-0.141178,1.0,1.0,-541.84,-236.01,-299.5,-0.48,-541.36,-0.0028265,0.0002823
2.34516,-0.001668,-0.140495,-0.140686,1.0,1.0,-543.72,-236.01,-298.17,-0.83,-542.88,-0.0028265,0.0001874
2.35016,-0.002368,-0.139598,-0.139883,1.0,1.0,-544.87,-236.01,-296.13,-1.18,-543.68,-0.0028265,9.24e-05
2.35516,-0.003064,-0.138392,-0.138769,1.0,1.0,-545.29,-236.01,-293.39,-1.53,-543.76,-0.0028265,-2.7e-06
2.36016,-0.003752,-0.136878,-0.137347,1.0,1.0,-544.99,-236.01,-289.97,-1.88,-543.11,-0.0028265,-9.77e-05
2.36516,-0.004432,-0.13506,-0.135619,1.0,1.0,-543.96,-236.01,-285.85,-2.22,-541.74,-0.0028265,-0.0001926
2.37016,-0.005102,-0.132942,-0.133591,1.0,1.0,-542.21,-236.01,-281.06,-2.55,-539.65,-0.0028265,-0.0002871
2.37516,-0.005761,-0.13053,-0.131266,1.0,1.0,-539.73,-236.01,-275.61,-2.88,-536.85,-0.0028265,-0.0003813
2.38016,-0.006407,-0.127827,-0.12865,1.0,1.0,-536.53,-236.01,-269.5,-3.2,-533.33,-0.0028265,-0.0004749
2.38516,-0.007039,-0.12484,-0.125747,1.0,1.0,-532.63,-236.01,-262.75,-3.52,-529.11,-0.0028265,-0.0005678
2.39016,-0.007655,-0.121576,-0.122566,1.0,1.0,-528.02,-236.01,-255.37,-3.83,-524.19,-0.0028265,-0.0006599
2.39516,-0.008254,-0.118043,-0.119113,1.0,1.0,-522.72,-236.01,-247.39,-4.13,-518.59,-0.0028265,-0.0007511
2.40016,-0.008835,-0.114247,-0.115394,1.0,1.0,-516.74,-236.01,-238.82,-4.42,-512.32,-0.0028265,-0.0008412
2.40516,-0.009396,-0.110197,-0.11142,1.0,1.0,-510.09,-236.01,-229.68,-4.7,-505.39,-0.0028265,-0.0009302
2.41016,-0.009937,-0.105903,-0.107199,1.0,1.0,-502.79,-236.01,-219.98,-4.97,-497.82,-0.0028265,-0.0010179
2.41516,-0.010455,-0.101373,-0.102739,1.0,1.0,-494.85,-236.01,-209.76,-5.23,-489.63,-0.0028265,-0.0011043
2.42016,-0.01095,-0.096619,-0.098051,1.0,1.0,-486.29,-236.01,-199.03,-5.48,-480.82,-0.0028265,-0.0011891
2.42516,-0.011421,-0.09165,-0.093145,1.0,1.0,-477.13,-236.01,-187.81,-5.71,-471.42,-0.0028265,-0.0012724
2.43016,-0.011866,-0.086477,-0.088033,1.0,1.0,-467.39,-236.01,-176.14,-5.93,-461.46,-0.0028265,-0.001354
2.43516,-0.012285,-0.081112,-0.082725,1.0,1.0,-457.09,-236.01,-164.04,-6.14,-450.94,-0.0028265,-0.0014338
2.44016,-0.012677,-0.075568,-0.077233,1.0,1.0,-446.25,-236.01,-151.53,-6.34,-439.91,-0.0028265,-0.0015117
2.44516,-0.013041,-0.069855,-0.07157,1.0,1.0,-434.89,-236.01,-138.64,-6.52,-428.37,-0.0028265,-0.0015876
2.45016,-0.013376,-0.063987,-0.065748,1.0,1.0,-423.05,-236.01,-125.41,-6.69,-416.36,-0.0028265,-0.0016615
2.45516,-0.013681,-0.057978,-0.05978,1.0,1.0,-410.74,-236.01,-111.86,-6.84,-403.9,-0.0028265,-0.0017332
2.46016,-0.013955,-0.051839,-0.053679,1.0,1.0,-398.0,-236.01,-98.01,-6.98,-391.02,-0.0028265,-0.0018027
2.46516,-0.014199,-0.045586,-0.047459,1.0,1.0,-384.84,-236.01,-83.91,-7.1,-377.74,-0.0028265,-0.0018699
2.47016,-0.014411,-0.039231,-0.041134,1.0,1.0,-371.31,-236.01,-69.58,-7.21,-364.11,-0.0028265,-0.0019348
2.47517,-0.014591,-0.032789,-0.034717,1.0,1.0,-357.43,-236.01,-55.06,-7.3,-350.13,-0.0028265,-0.0019972
2.48017,-0.014739,-0.026274,-0.028224,1.0,1.0,-343.23,-236.01,-40.37,-7.37,-335.86,-0.0028265,-0.0020572
2.48517,-0.014854,-0.019701,-0.021667,1.0,1.0,-328.74,-236.01,-25.55,-7.43,-321.31,-0.0028265,-0.0021147
2.49017,-0.014936,-0.013084,-0.015063,1.0,1.0,-313.99,-236.01,-10.64,-7.47,-306.52,-0.0028265,-0.0021696
2.49517,-0.014984,-0.006438,-0.008425,1.0,1.0,-293.7,-230.23,3.88,-7.49,-286.21,-0.0027573,-0.0022217
2.50017,-0.015,0.000222,-0.001768,1.0,1.0,-200.45,-145.42,12.2,-7.5,-192.95,-0.0017415,-0.0022647
2.50517,-0.014982,0.006882,0.004893,1.0,1.0,-54.5,-3.48,16.02,-7.49,-47.01,-4.17e-05,-0.0022862
2.51017,-0.014931,0.013526,0.011543,1.0,1.0,97.22,144.7,19.31,-7.47,104.68,0.001733,-0.0022806
2.51517,-0.014847,0.020141,0.018167,1.0,1.0,182.16,220.38,28.27,-7.42,189.58,0.0026393,-0.0022537
2.52017,-0.01473,0.02671,0.024751,1.0,1.0,211.02,235.14,41.93,-7.36,218.39,0.0028161,-0.0022176
2.52517,-0.01458,0.033221,0.03128,1.0,1.0,227.09,236.0,56.55,-7.29,234.38,0.0028263,-0.002178
2.53017,-0.014398,0.039657,0.037739,1.0,1.0,242.38,236.01,71.08,-7.2,249.58,0.0028265,-0.0021357
2.53517,-0.014184,0.046006,0.044115,1.0,1.0,257.61,236.01,85.4,-7.09,264.7,0.0028265,-0.0020907
2.54017,-0.013938,0.052252,0.050392,1.0,1.0,272.75,236.01,99.49,-6.97,279.72,0.0028265,-0.0020431
2.54517,-0.013661,0.058382,0.056558,1.0,1.0,287.78,236.01,113.32,-6.83,294.61,0.0028265,-0.0019929
2.55017,-0.013354,0.064383,0.062598,1.0,1.0,302.66,236.01,126.86,-6.68,309.34,0.0028265,-0.0019401
2.55517,-0.013018,0.070241,0.068499,1.0,1.0,317.36,236.01,140.07,-6.51,323.87,0.0028265,-0.0018847
2.56017,-0.012652,0.075943,0.074248,1.0,1.0,331.85,236.01,152.93,-6.33,338.17,0.0028265,-0.0018268
2.56517,-0.012258,0.081476,0.079832,1.0,1.0,346.09,236.01,165.41,-6.13,352.22,0.0028265,-0.0017665
2.57017,-0.011837,0.086828,0.085239,1.0,1.0,360.05,236.01,177.48,-5.92,365.96,0.0028265,-0.0017037
2.57517,-0.01139,0.091987,0.090457,1.0,1.0,373.69,236.01,189.11,-5.7,379.39,0.0028265,-0.0016385
2.58017,-0.010918,0.096943,0.095474,1.0,1.0,387.0,236.01,200.28,-5.46,392.46,0.0028265,-0.001571
2.58517,-0.010421,0.101682,0.100278,1.0,1.0,399.94,236.01,210.97,-5.21,405.15,0.0028265,-0.0015012
2.59017,-0.009901,0.106196,0.104861,1.0,1.0,412.47,236.01,221.14,-4.95,417.42,0.0028265,-0.0014293
2.59517,-0.00936,0.110475,0.10921,1.0,1.0,424.58,236.01,230.79,-4.68,429.26,0.0028265,-0.0013553
2.60017,-0.008797,0.114508,0.113317,1.0,1.0,436.23,236.01,239.87,-4.4,440.63,0.0028265,-0.0012792
2.60517,-0.008215,0.118286,0.117172,1.0,1.0,447.4,236.01,248.39,-4.11,451.5,0.0028265,-0.0012012
2.61017,-0.007614,0.121802,0.120767,1.0,1.0,458.06,236.01,256.31,-3.81,461.86,0.0028265,-0.0011213
2.61517,-0.006997,0.125048,0.124093,1.0,1.0,468.19,236.01,263.61,-3.5,471.69,0.0028265,-0.0010397
2.62017,-0.006364,0.128016,0.127145,1.0,1.0,477.76,236.01,270.3,-3.18,480.94,0.0028265,-0.0009564
2.62518,-0.005717,0.130699,0.129913,1.0,1.0,486.76,236.01,276.34,-2.86,489.62,0.0028265,-0.0008715
2.63018,-0.005058,0.133093,0.132394,1.0,1.0,495.17,236.01,281.72,-2.53,497.7,0.0028265,-0.0007852
2.63518,-0.004387,0.135191,0.13458,1.0,1.0,502.95,236.01,286.44,-2.19,505.15,0.0028265,-0.0006975
2.64018,-0.003706,0.136988,0.136468,1.0,1.0,510.11,236.01,290.48,-1.85,511.96,0.0028265,-0.0006085
2.64518,-0.003017,0.138482,0.138052,1.0,1.0,516.62,236.01,293.84,-1.51,518.13,0.0028265,-0.0005185
2.65018,-0.002322,0.139668,0.13933,1.0,1.0,522.46,236.01,296.5,-1.16,523.62,0.0028265,-0.0004274
2.65518,-0.001621,0.140544,0.140299,1.0,1.0,527.63,236.01,298.46,-0.81,528.44,0.0028265,-0.0003354
2.66018,-0.000917,0.141107,0.140956,1.0,1.0,532.1,236.01,299.71,-0.46,532.56,0.0028265,-0.0002426
2.66518,-0.00021,0.141358,0.1413,1.0,1.0,535.88,236.01,300.26,-0.11,535.99,0.0028265,-0.0001491
2.67018,0.000496,0.141294,0.14133,1.0,1.0,538.95,236.01,300.1,0.25,538.7,0.0028265,-5.52e-05
2.67518,0.001202,0.140917,0.141047,1.0,1.0,541.3,236.01,299.24,0.6,540.7,0.0028265,3.92e-05
2.68018,0.001905,0.140227,0.14045,1.0,1.0,542.94,236.01,297.67,0.95,541.98,0.0028265,0.0001339
2.68518,0.002604,0.139225,0.139541,1.0,1.0,543.84,236.01,295.39,1.3,542.54,0.0028265,0.0002288
2.69018,0.003297,0.137915,0.138323,1.0,1.0,544.02,236.01,292.42,1.65,542.38,0.0028265,0.0003236
2.69518,0.003983,0.136298,0.136797,1.0,1.0,543.48,236.01,288.76,1.99,541.49,0.0028265,0.0004184
2.70018,0.004659,0.134378,0.134968,1.0,1.0,542.2,236.01,284.42,2.33,539.87,0.0028265,0.000513
2.70518,0.005326,0.13216,0.132839,1.0,1.0,540.2,236.01,279.4,2.66,537.54,0.0028265,0.0006072
2.71018,0.005981,0.129649,0.130415,1.0,1.0,537.48,236.01,273.72,2.99,534.49,0.0028265,0.0007009
2.71518,0.006622,0.126849,0.127701,1.0,1.0,534.05,236.01,267.39,3.31,530.74,0.0028265,0.0007941
2.72018,0.007249,0.123768,0.124704,1.0,1.0,529.91,236.01,260.43,3.62,526.28,0.0028265,0.0008865
2.72518,0.007859,0.120413,0.12143,1.0,1.0,525.07,236.01,252.85,3.93,521.14,0.0028265,0.0009781
2.73018,0.008453,0.116789,0.117886,1.0,1.0,519.54,236.01,244.67,4.23,515.31,0.0028265,0.0010687
2.73518,0.009027,0.112907,0.11408,1.0,1.0,513.33,236.01,235.9,4.51,508.82,0.0028265,0.0011583
2.74018,0.009581,0.108773,0.110021,1.0,1.0,506.46,236.01,226.57,4.79,501.67,0.0028265,0.0012467
2.74518,0.010114,0.104399,0.105718,1.0,1.0,498.94,236.01,216.69,5.06,493.89,0.0028265,0.0013337
2.75018,0.010625,0.099792,0.10118,1.0,1.0,490.79,236.01,206.3,5.31,485.48,0.0028265,0.0014194
2.75518,0.011112,0.094964,0.096418,1.0,1.0,482.03,236.01,195.4,5.56,476.47,0.0028265,0.0015035
2.76018,0.011574,0.089925,0.091441,1.0,1.0,472.67,236.01,184.03,5.79,466.88,0.0028265,0.001586
2.76518,0.012011,0.084686,0.086261,1.0,1.0,462.74,236.01,172.21,6.01,456.73,0.0028265,0.0016667
2.77018,0.012421,0.079259,0.08089,1.0,1.0,452.25,236.01,159.96,6.21,446.04,0.0028265,0.0017457
2.77519,0.012803,0.073656,0.075339,1.0,1.0,441.24,236.01,147.32,6.4,434.83,0.0028265,0.0018227
2.78019,0.013157,0.06789,0.069621,1.0,1.0,429.71,236.01,134.32,6.58,423.14,0.0028265,0.0018977
2.78519,0.013482,0.061973,0.063748,1.0,1.0,417.71,236.01,120.97,6.74,410.97,0.0028265,0.0019706
2.79019,0.013777,0.055918,0.057734,1.0,1.0,405.25,236.01,107.32,6.89,398.37,0.0028265,0.0020414
2.79519,0.014041,0.049739,0.051591,1.0,1.0,392.37,236.01,93.38,7.02,385.35,0.0028265,0.0021099
2.80019,0.014274,0.04345,0.045334,1.0,1.0,379.09,236.01,79.2,7.14,371.95,0.0028265,0.0021762
2.80519,0.014475,0.037064,0.038976,1.0,1.0,365.43,236.01,64.8,7.24,358.2,0.0028265,0.00224
2.81019,0.014645,0.030596,0.032532,1.0,1.0,351.44,236.01,50.22,7.32,344.12,0.0028265,0.0023014
2.81519,0.014781,0.02406,0.026015,1.0,1.0,337.14,236.01,35.48,7.39,329.75,0.0028265,0.0023603
2.82019,0.014885,0.01747,0.019441,1.0,1.0,322.56,236.01,20.63,7.44,315.12,0.0028265,0.0024167
2.82519,0.014956,0.010842,0.012823,1.0,1.0,307.74,236.01,5.69,7.48,300.26,0.0028265,0.0024705
2.83019,0.014993,0.004189,0.006177,1.0,1.0,270.19,211.57,-7.37,7.5,262.7,0.0025338,0.0025209
2.83519,0.014998,-0.002472,-0.000482,1.0,1.0,154.82,102.78,-13.8,7.5,147.32,0.0012309,0.0025575
2.84019,0.014969,-0.009129,-0.007141,1.0,1.0,-0.61,-49.45,-16.8,7.48,-8.1,-0.0005922,0.0025701
2.84519,0.014906,-0.015764,-0.013784,1.0,1.0,-135.49,-179.34,-21.52,7.45,-142.94,-0.0021478,0.0025559
2.85019,0.014811,-0.022365,-0.020396,1.0,1.0,-196.6,-229.14,-32.49,7.41,-204.01,-0.0027442,0.0025246
2.85519,0.014683,-0.028917,-0.026963,1.0,1.0,-217.97,-235.76,-46.75,7.34,-225.31,-0.0028234,0.0024868
2.86019,0.014522,-0.035404,-0.03347,1.0,1.0,-233.49,-236.01,-61.37,7.26,-240.75,-0.0028264,0.0024461
2.86519,0.014329,-0.041812,-0.039903,1.0,1.0,-248.75,-236.01,-75.83,7.16,-255.91,-0.0028265,0.0024026
2.87019,0.014104,-0.048128,-0.046247,1.0,1.0,-263.95,-236.01,-90.09,7.05,-271.0,-0.0028265,0.0023566
2.87519,0.013848,-0.054336,-0.052488,1.0,1.0,-279.06,-236.01,-104.09,6.92,-285.98,-0.0028265,0.0023079
2.88019,0.013561,-0.060425,-0.058613,1.0,1.0,-294.04,-236.01,-117.83,6.78,-300.82,-0.0028265,0.0022566
2.88519,0.013244,-0.066378,-0.064608,1.0,1.0,-308.86,-236.01,-131.26,6.62,-315.49,-0.0028265,0.0022027
2.89019,0.012897,-0.072185,-0.070459,1.0,1.0,-323.49,-236.01,-144.35,6.45,-329.94,-0.0028265,0.0021462
2.89519,0.012522,-0.077831,-0.076154,1.0,1.0,-337.9,-236.01,-157.09,6.26,-344.16,-0.0028265,0.0020873
2.90019,0.012119,-0.083304,-0.081679,1.0,1.0,-352.05,-236.01,-169.43,6.06,-358.11,-0.0028265,0.0020259
2.90519,0.011689,-0.088593,-0.087023,1.0,1.0,-365.9,-236.01,-181.36,5.84,-371.75,-0.0028265,0.001962
2.91019,0.011234,-0.093685,-0.092175,1.0,1.0,-379.44,-236.01,-192.84,5.62,-385.05,-0.0028265,0.0018959
2.91519,0.010753,-0.098568,-0.097121,1.0,1.0,-392.62,-236.01,-203.85,5.38,-398.0,-0.0028265,0.0018274
2.92019,0.010248,-0.103233,-0.101852,1.0,1.0,-405.42,-236.01,-214.36,5.12,-410.55,-0.0028265,0.0017567
2.9252,0.009721,-0.107668,-0.106356,1.0,1.0,-417.82,-236.01,-224.36,4.86,-422.68,-0.0028265,0.0016838
2.9302,0.009172,-0.111865,-0.110625,1.0,1.0,-429.77,-236.01,-233.81,4.59,-434.36,-0.0028265,0.0016089
2.9352,0.008602,-0.115813,-0.114647,1.0,1.0,-441.26,-236.01,-242.71,4.3,-445.56,-0.0028265,0.0015319
2.9402,0.008014,-0.119504,-0.118415,1.0,1.0,-452.26,-236.01,-251.03,4.01,-456.27,-0.0028265,0.0014531
2.9452,0.007408,-0.122929,-0.121921,1.0,1.0,-462.74,-236.01,-258.74,3.7,-466.45,-0.0028265,0.0013724
2.9502,0.006785,-0.126082,-0.125155,1.0,1.0,-472.69,-236.01,-265.84,3.39,-476.08,-0.0028265,0.00129
2.9552,0.006147,-0.128954,-0.128112,1.0,1.0,-482.07,-236.01,-272.31,3.07,-485.14,-0.0028265,0.0012059
2.9602,0.005496,-0.131541,-0.130784,1.0,1.0,-490.87,-236.01,-278.13,2.75,-493.62,-0.0028265,0.0011203
2.9652,0.004832,-0.133835,-0.133165,1.0,1.0,-499.07,-236.01,-283.29,2.42,-501.48,-0.0028265,0.0010333
2.9702,0.004158,-0.135832,-0.135251,1.0,1.0,-506.64,-236.01,-287.78,2.08,-508.72,-0.0028265,0.000945
2.9752,0.003474,-0.137527,-0.137037,1.0,1.0,-513.58,-236.01,-291.59,1.74,-515.32,-0.0028265,0.0008554
2.9802,0.002783,-0.138917,-0.138518,1.0,1.0,-519.86,-236.01,-294.71,1.39,-521.25,-0.0028265,0.0007648
2.9852,0.002086,-0.139998,-0.139692,1.0,1.0,-525.48,-236.01,-297.13,1.04,-526.52,-0.0028265,0.0006731
2.9902,0.001384,-0.140769,-0.140556,1.0,1.0,-530.41,-236.01,-298.86,0.69,-531.1,-0.0028265,0.0005807
2.9952,0.000678,-0.141227,-0.141107,1.0,1.0,-534.65,-236.01,-299.87,0.34,-534.99,-0.0028265,0.0004874
